name,type,delay(ms),speed(bps),ip,country,isp
"US-107.155.57.11-0348","ss","4","-1","","UNKNOWN",""
"美国_0109181269 M67","ss","6","-1","","UNKNOWN",""
"美国_0109181306 M67","ss","6","-1","","UNKNOWN",""
"美国_0109181309 H80","ss","6","-1","","UNKNOWN",""
"US-107.155.57.51-0351","ss","6","-1","","UNKNOWN",""
"_US_美国+10","ss","6","-1","","UNKNOWN",""
"_US_美国+13","ss","6","-1","","UNKNOWN",""
"US25 1.9MB/s","ss","6","-1","","UNKNOWN",""
"美国_0109181245 M67","ss","7","-1","","UNKNOWN",""
"美国_0109181280 M67","ss","7","-1","","UNKNOWN",""
"美国_0109181326 M67","ss","7","-1","","UNKNOWN",""
"美国_0109181399 H80","ss","7","-1","","UNKNOWN",""
"美国_0109181410 H80","ss","10","-1","","UNKNOWN",""
"[openproxylist.com] trojan-US+2","trojan","11","-1","","UNKNOWN",""
"US39 1.7MB/s","ss","12","-1","","UNKNOWN",""
"美国_0109181240 L25","ss","12","-1","","UNKNOWN",""
"US5 1.8MB/s","ss","13","-1","","UNKNOWN",""
"US22 1.9MB/s","ss","13","-1","","UNKNOWN",""
"US37 684.8KB/s","ss","13","-1","","UNKNOWN",""
"WiFI--@V2ray_Alpha-05","ss","13","-1","","UNKNOWN",""
"WiFi-@V2ray_Alpha-3","ss","13","-1","","UNKNOWN",""
"美国_0109181206 M50","ss","13","-1","","UNKNOWN",""
"美国_0109181217 H","ss","13","-1","","UNKNOWN",""
"美国_0109181235 L25","ss","13","-1","","UNKNOWN",""
"美国_0109181257 M50","ss","13","-1","","UNKNOWN",""
"美国_0109181322 L25","ss","13","-1","","UNKNOWN",""
"美国_0109181373 L25","ss","13","-1","","UNKNOWN",""
"美国_0109181386 L25","ss","13","-1","","UNKNOWN",""
"美国_0109181411 L25","ss","13","-1","","UNKNOWN",""
"US43 1.9MB/s","ss","13","-1","","UNKNOWN",""
"US19 1.2MB/s","ss","14","-1","","UNKNOWN",""
"美国_0109181238 M50","ss","14","-1","","UNKNOWN",""
"美国_0109181266 M50","ss","14","-1","","UNKNOWN",""
"美国_0109181383 M50","ss","14","-1","","UNKNOWN",""
"美国_0109181387 M50","ss","14","-1","","UNKNOWN",""
"US2 1.9MB/s","ss","15","-1","","UNKNOWN",""
"未知20 1.9MB/s","ss","15","-1","","UNKNOWN",""
"美国_0109181315 L25","ss","15","-1","","UNKNOWN",""
"美国_0109181363 H","ss","15","-1","","UNKNOWN",""
"美国_0109181376 L25","ss","15","-1","","UNKNOWN",""
"US31 1.9MB/s","ss","15","-1","","UNKNOWN",""
"US17 1.8MB/s","ss","16","-1","","UNKNOWN",""
"美国_0109181367 H","ss","16","-1","","UNKNOWN",""
"美国_0109181377 M50","ss","16","-1","","UNKNOWN",""
"美国_0109181400 H","ss","16","-1","","UNKNOWN",""
"US46 1.9MB/s","ss","16","-1","","UNKNOWN",""
"US24 1.8MB/s","ss","17","-1","","UNKNOWN",""
"美国 001","vmess","17","-1","","UNKNOWN",""
"美国_0109181312 M62","ss","17","-1","","UNKNOWN",""
"美国_0109181218 H","ss","18","-1","","UNKNOWN",""
"US28 1.9MB/s","ss","18","-1","","UNKNOWN",""
"US23 1.9MB/s","ss","19","-1","","UNKNOWN",""
"US36 1.9MB/s","ss","19","-1","","UNKNOWN",""
"美国 008","vmess","19","-1","","UNKNOWN",""
"美国_0109181271 M42","ss","19","-1","","UNKNOWN",""
"美国_0109181332 M66","ss","20","-1","","UNKNOWN",""
"US-207.246.101.50-0355","ss","20","-1","","UNKNOWN",""
"US6 1.9MB/s","ss","21","-1","","UNKNOWN",""
"WiFI--@V2ray_Alpha-06","ss","21","-1","","UNKNOWN",""
"US3 1.9MB/s","ss","22","-1","","UNKNOWN",""
"美国_0109181251 H","ss","22","-1","","UNKNOWN",""
"US6 1.9MB/s+1","ss","22","-1","","UNKNOWN",""
"US9 1.9MB/s","ss","23","-1","","UNKNOWN",""
"US24 1.9MB/s","ss","23","-1","","UNKNOWN",""
"US36 1.9MB/s+1","ss","23","-1","","UNKNOWN",""
"US45 1.9MB/s","ss","23","-1","","UNKNOWN",""
"美国_0109181231 L25","ss","25","-1","","UNKNOWN",""
"US-154.3.8.151-6020","ss","26","-1","","UNKNOWN",""
"US2 1.9MB/s+1","ss","26","-1","","UNKNOWN",""
"US15 1.9MB/s","ss","27","-1","","UNKNOWN",""
"US-38.75.136.117-3728","ss","28","-1","","UNKNOWN",""
"美国_0109181297 L0","ss","29","-1","","UNKNOWN",""
"美国_0109181258 L0","ss","30","-1","","UNKNOWN",""
"美国_0109181329 L0","ss","30","-1","","UNKNOWN",""
"美国_0109181227 L0","ss","31","-1","","UNKNOWN",""
"美国 华盛顿Cogent通信公司","ss","32","-1","","UNKNOWN",""
"美国_0109181416 L0","ss","32","-1","","UNKNOWN",""
"美国_0109181302 M50","ss","34","-1","","UNKNOWN",""
"美国_0109184362 L0","ss","36","-1","","UNKNOWN",""
"美国 - 聖荷西 - Zenlayer Inc - 245","ss","39","-1","","UNKNOWN",""
"美国_010918064 M40","ss","39","-1","","UNKNOWN",""
"US-79.110.53.169-0345","ss","39","-1","","UNKNOWN",""
"美国_0109181167 L0","trojan","42","-1","","UNKNOWN",""
"美国_0109181340 M58","ss","42","-1","","UNKNOWN",""
"US-212.102.47.130-0346","ss","42","-1","","UNKNOWN",""
"加拿大_010918043 L0","ss","50","-1","","UNKNOWN",""
"美国_0109181105 L0","vmess","52","-1","","UNKNOWN",""
"US30 1.9MB/s","ss","53","-1","","UNKNOWN",""
"US32 1.9MB/s","ss","53","-1","","UNKNOWN",""
"加拿大_010918007 M45","ss","55","-1","","UNKNOWN",""
"美国_0109181394 H71","ss","55","-1","","UNKNOWN",""
"RELAY-185.148.104.118-2699","vmess","58","-1","","UNKNOWN",""
"美国_0109181395 H71","ss","59","-1","","UNKNOWN",""
"_US_美国","ss","59","-1","","UNKNOWN",""
"美国_0109181274 H71","ss","60","-1","","UNKNOWN",""
"美国_0109181393 H71","ss","60","-1","","UNKNOWN",""
"美国_0109181262 H71","ss","61","-1","","UNKNOWN",""
"美国_0109181379 H71","ss","61","-1","","UNKNOWN",""
"[🇺🇸] [vm-no-tc] [thu-01pm-1411497]","vmess","62","-1","","UNKNOWN",""
"美国_0109184340 M56","ss","63","-1","","UNKNOWN",""
"美国_010918060 L0","ss","65","-1","","UNKNOWN",""
"US10 1.9MB/s","ss","66","-1","","UNKNOWN",""
"US14 1.9MB/s","ss","70","-1","","UNKNOWN",""
"美国_010918058 M45","ss","81","-1","","UNKNOWN",""
"US-156.146.38.167-0338","ss","82","-1","","UNKNOWN",""
"US-156.146.38.170-0407","ss","82","-1","","UNKNOWN",""
"US-156.146.38.169-0336","ss","82","-1","","UNKNOWN",""
"美国_0109181243 H","ss","89","-1","","UNKNOWN",""
"美国_0109181267 H","ss","89","-1","","UNKNOWN",""
"美国_0109181285 H","ss","89","-1","","UNKNOWN",""
"美国_0109181209 H88","ss","90","-1","","UNKNOWN",""
"美国_0109181228 H","ss","90","-1","","UNKNOWN",""
"美国_0109181311 H","ss","90","-1","","UNKNOWN",""
"美国_0109181337 H","ss","90","-1","","UNKNOWN",""
"美国_0109181370 M67","ss","90","-1","","UNKNOWN",""
"美国_0109181402 H88","ss","90","-1","","UNKNOWN",""
"美国_010918315 M67","ss","90","-1","","UNKNOWN",""
"美国_0109184339 H","ss","90","-1","","UNKNOWN",""
"美国_0109184366 H88","ss","90","-1","","UNKNOWN",""
"美国_0109181210 M67","ss","91","-1","","UNKNOWN",""
"美国_0109181273 M67","ss","91","-1","","UNKNOWN",""
"美国_0109181286 M67","ss","91","-1","","UNKNOWN",""
"美国_0109181294 M67","ss","91","-1","","UNKNOWN",""
"美国_0109184214 M67","ss","91","-1","","UNKNOWN",""
"美国_0109184336 M67","ss","91","-1","","UNKNOWN",""
"美国_0109184341 M67","ss","91","-1","","UNKNOWN",""
"美国_0109184346 M67","ss","91","-1","","UNKNOWN",""
"美国_0109184361 M67","ss","91","-1","","UNKNOWN",""
"美国_0109184365 M67","ss","91","-1","","UNKNOWN",""
"美国_0109184370 M67","ss","91","-1","","UNKNOWN",""
"US7 1.9MB/s","ss","91","-1","","UNKNOWN",""
"美国_0109181319 M67","ss","92","-1","","UNKNOWN",""
"美国_0109181287 M61","ss","93","-1","","UNKNOWN",""
"美国_0109181292 L0","ss","93","-1","","UNKNOWN",""
"美国_0109181398 H","ss","93","-1","","UNKNOWN",""
"美国_0109181406 M67","ss","93","-1","","UNKNOWN",""
"美国_0109181233 H88","ss","94","-1","","UNKNOWN",""
"美国_0109181307 H88","ss","94","-1","","UNKNOWN",""
"美国_0109181339 H88","ss","94","-1","","UNKNOWN",""
"美国_0109184368 M67","ss","94","-1","","UNKNOWN",""
"美国_0109184375 L11","ss","94","-1","","UNKNOWN",""
"美国_0109181255 H88","ss","95","-1","","UNKNOWN",""
"美国_0109181310 H","ss","95","-1","","UNKNOWN",""
"美国_0109181327 H88","ss","95","-1","","UNKNOWN",""
"美国_0109181336 H","ss","95","-1","","UNKNOWN",""
"美国_0109181397 H","ss","95","-1","","UNKNOWN",""
"美国_0109181405 M67","ss","95","-1","","UNKNOWN",""
"美国_0109181293 H","ss","96","-1","","UNKNOWN",""
"美国_0109181409 L0","ss","96","-1","","UNKNOWN",""
"[openproxylist.com] ss-US+1","ss","96","-1","","UNKNOWN",""
"美国_0109184367 H78","ss","99","-1","","UNKNOWN",""
"美国_0109181211 H","ss","100","-1","","UNKNOWN",""
"美国_0109181234 H78","ss","100","-1","","UNKNOWN",""
"美国_0109181223 H78","ss","101","-1","","UNKNOWN",""
"美国_0109181408 M67","ss","102","-1","","UNKNOWN",""
"US-138.199.42.68-6309","ss","102","-1","","UNKNOWN",""
"US52 1.9MB/s","ss","104","-1","","UNKNOWN",""
"美国_0109181372 H","ss","105","-1","","UNKNOWN",""
"美国_0109181413 M57","ss","105","-1","","UNKNOWN",""
"美国_0109181281 H","ss","106","-1","","UNKNOWN",""
"美国_0109181232 H","ss","108","-1","","UNKNOWN",""
"[openproxylist.com] ss-US","ss","108","-1","","UNKNOWN",""
"美国_0109181396 M57","ss","110","-1","","UNKNOWN",""
"WiFi-@V2ray_Alpha-18","vmess","119","-1","","UNKNOWN",""
"US-194.5.215.59-1359","ss","124","-1","","UNKNOWN",""
"美国_0109181221 H","ss","125","-1","","UNKNOWN",""
"美国_0109181334 H","ss","126","-1","","UNKNOWN",""
"美国_0109184350 L0","ss","126","-1","","UNKNOWN",""
"未知60 2.0MB/s","ss","127","-1","","UNKNOWN",""
"美国_0109181246 L0","ss","127","-1","","UNKNOWN",""
"美国_0109181247 L0","ss","127","-1","","UNKNOWN",""
"美国_0109184360 L0","ss","127","-1","","UNKNOWN",""
"美国_0109181279 M50","ss","128","-1","","UNKNOWN",""
"美国_0109184215 L0","ss","128","-1","","UNKNOWN",""
"美国_0109181259 L0","ss","129","-1","","UNKNOWN",""
"美国_0109181407 L0","ss","129","-1","","UNKNOWN",""
"美国_0109184353 L0","ss","129","-1","","UNKNOWN",""
"[openproxylist.com] ss-CA","ss","130","-1","","UNKNOWN",""
"美国_0109181265 M50","ss","133","-1","","UNKNOWN",""
"美国_0109181318 L0","ss","134","-1","","UNKNOWN",""
"美国_0109181331 H","ss","134","-1","","UNKNOWN",""
"美国_0109184349 L0","ss","134","-1","","UNKNOWN",""
"美国_0109181214 L0","ss","135","-1","","UNKNOWN",""
"美国_0109181236 H","ss","135","-1","","UNKNOWN",""
"美国_0109181242 L0","ss","135","-1","","UNKNOWN",""
"美国_0109181263 L0","ss","135","-1","","UNKNOWN",""
"美国_0109184348 L0","ss","135","-1","","UNKNOWN",""
"美国_0109184355 L0","ss","135","-1","","UNKNOWN",""
"美国_0109184358 L0","ss","135","-1","","UNKNOWN",""
"US16 1.7MB/s","ss","136","-1","","UNKNOWN",""
"US28 1.6MB/s","ss","136","-1","","UNKNOWN",""
"美国_0109181208 L0","ss","136","-1","","UNKNOWN",""
"美国_0109181212 L0","ss","136","-1","","UNKNOWN",""
"美国_0109184352 L0","ss","136","-1","","UNKNOWN",""
"美国_0109184357 L0","ss","136","-1","","UNKNOWN",""
"US-38.121.43.142-0842","ss","137","-1","","UNKNOWN",""
"美国_0109181303 L33","ss","138","-1","","UNKNOWN",""
"美国_0109184347 L0","ss","138","-1","","UNKNOWN",""
"美国_0109181224 L33","ss","139","-1","","UNKNOWN",""
"美国_0109181320 H","ss","139","-1","","UNKNOWN",""
"美国_0109181323 L33","ss","139","-1","","UNKNOWN",""
"美国_0109181248 M57","ss","142","-1","","UNKNOWN",""
"美国_0109181380 H","ss","144","-1","","UNKNOWN",""
"美国_0109184344 L0","ss","144","-1","","UNKNOWN",""
"美国_0109184359 L0","ss","144","-1","","UNKNOWN",""
"美国_0109184351 L0","ss","145","-1","","UNKNOWN",""
"美国_0109181272 M57","ss","146","-1","","UNKNOWN",""
"美国_0109181290 M57","ss","146","-1","","UNKNOWN",""
"美国_0109181338 M57","ss","146","-1","","UNKNOWN",""
"US7 2.0MB/s","ss","147","-1","","UNKNOWN",""
"US12 1.9MB/s","ss","147","-1","","UNKNOWN",""
"US20 2.0MB/s","ss","147","-1","","UNKNOWN",""
"美国_0109181213 M57","ss","147","-1","","UNKNOWN",""
"美国_0109181216 M58","ss","147","-1","","UNKNOWN",""
"美国_0109181264 H71","ss","147","-1","","UNKNOWN",""
"美国_0109181296 M57","ss","147","-1","","UNKNOWN",""
"美国_0109181299 M67","ss","147","-1","","UNKNOWN",""
"美国_0109181301 H","ss","147","-1","","UNKNOWN",""
"美国_0109181325 L33","ss","147","-1","","UNKNOWN",""
"美国_0109181335 M57","ss","147","-1","","UNKNOWN",""
"美国_0109181378 M63","ss","147","-1","","UNKNOWN",""
"美国_0109181391 M67","ss","147","-1","","UNKNOWN",""
"美国_0109184232 M57","ss","147","-1","","UNKNOWN",""
"美国_0109184338 H71","ss","147","-1","","UNKNOWN",""
"美国_0109184354 M63","ss","147","-1","","UNKNOWN",""
"US49 1.9MB/s","ss","147","-1","","UNKNOWN",""
"WiFi-@V2ray_Alpha-20","ss","148","-1","","UNKNOWN",""
"美国_010918053 M60","ss","148","-1","","UNKNOWN",""
"美国_0109181225 M58","ss","148","-1","","UNKNOWN",""
"美国_0109181270 H82","ss","148","-1","","UNKNOWN",""
"美国_0109181282 L33","ss","148","-1","","UNKNOWN",""
"美国_0109181298 H82","ss","148","-1","","UNKNOWN",""
"美国_0109181304 L0","ss","148","-1","","UNKNOWN",""
"美国_0109181321 L33","ss","148","-1","","UNKNOWN",""
"美国_0109181384 H71","ss","148","-1","","UNKNOWN",""
"美国_0109181389 H82","ss","148","-1","","UNKNOWN",""
"美国_0109181404 M63","ss","148","-1","","UNKNOWN",""
"美国_0109184223 M57","ss","148","-1","","UNKNOWN",""
"ir-@V2ray_Alpha-2","ss","149","-1","","UNKNOWN",""
"美国_010918056 M60","ss","149","-1","","UNKNOWN",""
"美国_0109181291 L33","ss","149","-1","","UNKNOWN",""
"美国_0109181295 H82","ss","149","-1","","UNKNOWN",""
"美国_0109181364 M63","ss","149","-1","","UNKNOWN",""
"美国_0109181382 M57","ss","149","-1","","UNKNOWN",""
"美国_0109181403 H82","ss","149","-1","","UNKNOWN",""
"美国_0109184234 M57","ss","149","-1","","UNKNOWN",""
"美国_0109184356 M63","ss","149","-1","","UNKNOWN",""
"美国_0109181215 M50","ss","150","-1","","UNKNOWN",""
"美国_0109181260 H82","ss","150","-1","","UNKNOWN",""
"美国_0109181276 M63","ss","150","-1","","UNKNOWN",""
"美国_0109181313 M57","ss","150","-1","","UNKNOWN",""
"US30 1.9MB/s+1","ss","150","-1","","UNKNOWN",""
"美国_010918054 M60","ss","151","-1","","UNKNOWN",""
"美国_0109181252 L0","ss","151","-1","","UNKNOWN",""
"美国_0109181328 M57","ss","151","-1","","UNKNOWN",""
"美国_0109181401 H82","ss","151","-1","","UNKNOWN",""
"美国_010918057 M60","ss","152","-1","","UNKNOWN",""
"美国_0109181219 M49","ss","153","-1","","UNKNOWN",""
"美国_0109181222 H82","ss","153","-1","","UNKNOWN",""
"US35 2.0MB/s","ss","153","-1","","UNKNOWN",""
"美国_0109181316 M57","ss","154","-1","","UNKNOWN",""
"WiFi-@V2ray_Alpha-7","ss","155","-1","","UNKNOWN",""
"美国_0109181207 H71","ss","155","-1","","UNKNOWN",""
"美国_0109181288 H82","ss","155","-1","","UNKNOWN",""
"美国_0109181308 H71","ss","155","-1","","UNKNOWN",""
"美国_0109181419 H71","ss","155","-1","","UNKNOWN",""
"美国_0109184231 H71","ss","155","-1","","UNKNOWN",""
"US-194.116.173.21-0415","ss","155","-1","","UNKNOWN",""
"US 1.7MB/s","ss","156","-1","","UNKNOWN",""
"WiFI--@V2ray_Alpha-10","ss","156","-1","","UNKNOWN",""
"美国_0109181381 H71","ss","156","-1","","UNKNOWN",""
"美国_0109181256 H71","ss","157","-1","","UNKNOWN",""
"美国_0109181305 H82","ss","157","-1","","UNKNOWN",""
"US26 1.9MB/s","ss","158","-1","","UNKNOWN",""
"美国_0109181237 M63","ss","158","-1","","UNKNOWN",""
"美国_0109184229 M57","ss","159","-1","","UNKNOWN",""
"US9 2.0MB/s","ss","160","-1","","UNKNOWN",""
"US美国18 1.9MB/s","ss","160","-1","","UNKNOWN",""
"US34 2.0MB/s","ss","160","-1","","UNKNOWN",""
"美国_0109181220 M67","ss","160","-1","","UNKNOWN",""
"美国_0109181254 H82","ss","160","-1","","UNKNOWN",""
"美国_0109181368 M63","ss","160","-1","","UNKNOWN",""
"美国_0109181390 H82","ss","160","-1","","UNKNOWN",""
"美国_0109184224 M57","ss","160","-1","","UNKNOWN",""
"美国_0109184225 H71","ss","160","-1","","UNKNOWN",""
"美国_0109184230 M57","ss","160","-1","","UNKNOWN",""
"美国_0109184337 H71","ss","160","-1","","UNKNOWN",""
"美国_0109181392 H71","ss","161","-1","","UNKNOWN",""
"美国_0109184363 M58","ss","161","-1","","UNKNOWN",""
"美国_0109184364 M58","ss","161","-1","","UNKNOWN",""
"美国_0109181289 H71","ss","163","-1","","UNKNOWN",""
"US21 1.8MB/s","ss","164","-1","","UNKNOWN",""
"美国_0109181374 H71","ss","164","-1","","UNKNOWN",""
"美国_0109181375 H71","ss","164","-1","","UNKNOWN",""
"美国_0109181418 H71","ss","164","-1","","UNKNOWN",""
"美国_0109184235 H71","ss","164","-1","","UNKNOWN",""
"美国_0109184335 L0","ss","164","-1","","UNKNOWN",""
"WiFi-@V2ray_Alpha-4","ss","165","-1","","UNKNOWN",""
"美国_0109181385 H71","ss","165","-1","","UNKNOWN",""
"美国_0109181412 H71","ss","165","-1","","UNKNOWN",""
"美国_0109184228 H71","ss","165","-1","","UNKNOWN",""
"美国_0109184233 H71","ss","166","-1","","UNKNOWN",""
"美国_0109184345 M58","ss","166","-1","","UNKNOWN",""
"美国 加州","ss","167","-1","","UNKNOWN",""
"美国_0109181277 H71","ss","169","-1","","UNKNOWN",""
"美国_0109181369 M63","ss","169","-1","","UNKNOWN",""
"美国_0109184227 M57","ss","169","-1","","UNKNOWN",""
"WiFi-@V2ray_Alpha-2","ss","179","-1","","UNKNOWN",""
"[openproxylist.com] vmess-US","vmess","181","-1","","UNKNOWN",""
"美国 CloudFlare节点","vmess","188","-1","","UNKNOWN",""
"US-74.50.98.185-0340","ss","196","-1","","UNKNOWN",""
"美国_0109184372","ss","201","-1","","UNKNOWN",""
"日本_010918004 L0","ss","212","-1","","UNKNOWN",""
"WiFI--@V2ray_Alpha-14","ss","213","-1","","UNKNOWN",""
"日本_010918003 M45","ss","213","-1","","UNKNOWN",""
"美国_0109184226 M57","ss","216","-1","","UNKNOWN",""
"美国_0109181229 H71","ss","219","-1","","UNKNOWN",""
"JP-149.22.87.241-0619","ss","226","-1","","UNKNOWN",""
"加拿大_010918008","ss","252","-1","","UNKNOWN",""
"ES-5.188.181.201-5720","ss","267","-1","","UNKNOWN",""
"ES-5.188.181.201-0794","ss","269","-1","","UNKNOWN",""
"ES-5.188.181.201-0769","ss","273","-1","","UNKNOWN",""
"GB-212.102.53.80-0360","ss","285","-1","","UNKNOWN",""
"未知104 20.2MB/s","ss","286","-1","","UNKNOWN",""
"英国_010918019 H","ss","286","-1","","UNKNOWN",""
"GB-212.102.53.78-0373","ss","286","-1","","UNKNOWN",""
"GB-212.102.53.81-0368","ss","287","-1","","UNKNOWN",""
"英国_010918014 L33","ss","289","-1","","UNKNOWN",""
"GB-77.72.5.113-0441","ss","290","-1","","UNKNOWN",""
"GB-212.102.53.195-0361","ss","291","-1","","UNKNOWN",""
"GB-212.102.53.198-0375","ss","292","-1","","UNKNOWN",""
"英国_010918013 M50","ss","293","-1","","UNKNOWN",""
"GB-212.102.53.196-0362","ss","293","-1","","UNKNOWN",""
"未知99 1.8MB/s","ss","296","-1","","UNKNOWN",""
"英国_010918112 H","ss","296","-1","","UNKNOWN",""
"英国_010918209 M50","ss","298","-1","","UNKNOWN",""
"未知100 1.9MB/s","ss","300","-1","","UNKNOWN",""
"NL-213.109.147.242-0795","ss","301","-1","","UNKNOWN",""
"荷兰_010918497 L0","ss","303","-1","","UNKNOWN",""
"荷兰_010918001 M45","ss","305","-1","","UNKNOWN",""
"FR-51.15.27.48-0374","ss","305","-1","","UNKNOWN",""
"英国_010918107 H","ss","307","-1","","UNKNOWN",""
"NL-5.35.47.122-5839","ss","308","-1","","UNKNOWN",""
"WiFi-@V2ray_Alpha-1","ss","309","-1","","UNKNOWN",""
"荷兰_010918002 M45","ss","310","-1","","UNKNOWN",""
"荷兰_010918003 M45","ss","311","-1","","UNKNOWN",""
"ES-5.188.181.201-5584","ss","312","-1","","UNKNOWN",""
"未知107 1.8MB/s","ss","313","-1","","UNKNOWN",""
"未知101 1.8MB/s","ss","314","-1","","UNKNOWN",""
"FR-51.159.111.208-0378","ss","315","-1","","UNKNOWN",""
"美国(yudou66.com 玉豆免费节点)+8","ss","316","-1","","UNKNOWN",""
"法国_010918243 L0","ss","316","-1","","UNKNOWN",""
"未知34 1.8MB/s","ss","316","-1","","UNKNOWN",""
"美国(yudou66.com 玉豆免费节点)+34","vmess","317","-1","","UNKNOWN",""
"荷兰_010918143 L0","ss","317","-1","","UNKNOWN",""
"JP-57.180.61.213-0816","ss","317","-1","","UNKNOWN",""
"未知47 1.8MB/s","ss","317","-1","","UNKNOWN",""
"法国_010918099 L0","ss","318","-1","","UNKNOWN",""
"伊朗_010918073 L0","ss","319","-1","","UNKNOWN",""
"法国_010918235 L0","ss","319","-1","","UNKNOWN",""
"法国 OVH机房SAS硬盘BGP主机+1","ss","319","-1","","UNKNOWN",""
"DE-193.108.119.230-0418","ss","320","-1","","UNKNOWN",""
"韩国 - 首尔特别市 - Amazon Technologies Inc. - 3","ss","321","-1","","UNKNOWN",""
"ir--@V2ray_Alpha--6","ss","321","-1","","UNKNOWN",""
"香港_010918151 L0","ss","321","-1","","UNKNOWN",""
"[openproxylist.com] vmess-JP","vmess","321","-1","","UNKNOWN",""
"俄罗斯(yudou66.com 玉豆免费节点)+12","ss","322","-1","","UNKNOWN",""
"未知91 1.9MB/s","ss","322","-1","","UNKNOWN",""
"CF中转_01091814389 L0","vmess","322","-1","","UNKNOWN",""
"美国(yudou66.com 玉豆免费节点)+39","ss","323","-1","","UNKNOWN",""
"立陶宛_010918011 L0","ss","323","-1","","UNKNOWN",""
"美国(yudou66.com 玉豆免费节点)+26","vmess","324","-1","","UNKNOWN",""
"LT-45.87.175.154-0264","ss","324","-1","","UNKNOWN",""
"法国 OVH机房SAS硬盘BGP主机","ss","324","-1","","UNKNOWN",""
"GB-169.150.210.233-0389","ss","325","-1","","UNKNOWN",""
"未知20 1.8MB/s","ss","325","-1","","UNKNOWN",""
"法国 OVH机房SAS硬盘BGP主机+2","ss","326","-1","","UNKNOWN",""
"WiFI--@V2ray_Alpha-12","ss","327","-1","","UNKNOWN",""
"法国_010918088 L0","ss","327","-1","","UNKNOWN",""
"LT-45.87.175.181-0263","ss","327","-1","","UNKNOWN",""
"NL-89.23.103.125-5844","ss","327","-1","","UNKNOWN",""
"未知126 1.8MB/s","ss","328","-1","","UNKNOWN",""
"HK-141.98.234.93-5841","ss","330","-1","","UNKNOWN",""
"IR-@V2ray_Alpha-1","ss","331","-1","","UNKNOWN",""
"[openproxylist.com] trojan-JP","trojan","331","-1","","UNKNOWN",""
"未知69 71.9KB/s","ss","332","-1","","UNKNOWN",""
"法国_010918101 M50","ss","336","-1","","UNKNOWN",""
"法国_010918105 M50","ss","336","-1","","UNKNOWN",""
"法国_010918107 M50","ss","336","-1","","UNKNOWN",""
"FR-195.154.185.174-0381","ss","338","-1","","UNKNOWN",""
"法国_010918100 M50","ss","339","-1","","UNKNOWN",""
"SG-68.183.227.4-0426","ss","339","-1","","UNKNOWN",""
"WiFI--@V2ray_Alpha-02","ss","340","-1","","UNKNOWN",""
"法国_010918096 M50","ss","340","-1","","UNKNOWN",""
"法国_010918098 M50","ss","340","-1","","UNKNOWN",""
"法国_010918102 M50","ss","340","-1","","UNKNOWN",""
"SG-68.183.227.45-0427","ss","340","-1","","UNKNOWN",""
"SG-128.199.172.224-0424","ss","341","-1","","UNKNOWN",""
"法国_010918097 M50","ss","342","-1","","UNKNOWN",""
"法国_010918122 M50","ss","342","-1","","UNKNOWN",""
"瑞士_010918005 M56","ss","342","-1","","UNKNOWN",""
"SE-46.246.98.155-0399","ss","342","-1","","UNKNOWN",""
"法国_010918109 M50","ss","343","-1","","UNKNOWN",""
"法国_010918117 M50","ss","343","-1","","UNKNOWN",""
"法国_010918120 M50","ss","343","-1","","UNKNOWN",""
"瑞士_010918007 M56","ss","343","-1","","UNKNOWN",""
"DE-80.92.204.106-5480","ss","343","-1","","UNKNOWN",""
"法国_010918118 M50","ss","344","-1","","UNKNOWN",""
"比利时_010918006 L25","ss","345","-1","","UNKNOWN",""
"法国_010918121 M50","ss","345","-1","","UNKNOWN",""
"法国_010918123 M50","ss","345","-1","","UNKNOWN",""
"瑞士_010918004 M56","ss","345","-1","","UNKNOWN",""
"瑞士_010918006 L33","ss","345","-1","","UNKNOWN",""
"法国_010918095 M50","ss","346","-1","","UNKNOWN",""
"未知36 459.0KB/s","ss","347","-1","","UNKNOWN",""
"WiFI--@V2ray_Alpha-13","ss","347","-1","","UNKNOWN",""
"法国_010918103 M50","ss","347","-1","","UNKNOWN",""
"法国_010918119 M50","ss","347","-1","","UNKNOWN",""
"MD-103.106.1.92-0419","ss","347","-1","","UNKNOWN",""
"DE-150.241.95.63-1319","ss","347","-1","","UNKNOWN",""
"[openproxylist.com] vmess-JP+1","vmess","347","-1","","UNKNOWN",""
"未知25 58.5KB/s","ss","348","-1","","UNKNOWN",""
"法国_010918094 M50","ss","348","-1","","UNKNOWN",""
"法国_010918113 M50","ss","348","-1","","UNKNOWN",""
"法国_010918115 M50","ss","348","-1","","UNKNOWN",""
"瑞士_010918021 H70","vmess","348","-1","","UNKNOWN",""
"未知50 1.8MB/s","ss","349","-1","","UNKNOWN",""
"法国_010918091 M50","ss","349","-1","","UNKNOWN",""
"法国_010918124 M50","ss","350","-1","","UNKNOWN",""
"法国_010918116 M50","ss","351","-1","","UNKNOWN",""
"CF中转_01091814388 L0","vmess","352","-1","","UNKNOWN",""
"法国_010918104 M50","ss","352","-1","","UNKNOWN",""
"法国_010918106 M50","ss","352","-1","","UNKNOWN",""
"法国_010918108 M50","ss","352","-1","","UNKNOWN",""
"法国_010918084 M50","ss","353","-1","","UNKNOWN",""
"法国_010918112 M50","ss","353","-1","","UNKNOWN",""
"法国_010918083 M50","ss","355","-1","","UNKNOWN",""
"SE-121.127.46.147-0401","ss","355","-1","","UNKNOWN",""
"GB-141.98.101.182-0433","ss","356","-1","","UNKNOWN",""
"法国_010918111 M50","ss","358","-1","","UNKNOWN",""
"英国_010918020 L0","ss","359","-1","","UNKNOWN",""
"未知66 17.0MB/s","ss","360","-1","","UNKNOWN",""
"GB-141.98.101.180-0406","ss","360","-1","","UNKNOWN",""
"法国_010918110 M50","ss","361","-1","","UNKNOWN",""
"挪威 - Lorenskog - Microsoft Corporation - 1","ss","363","-1","","UNKNOWN",""
"挪威 - Lorenskog - Microsoft Corporation - 2","ss","364","-1","","UNKNOWN",""
"奥地利_010918054 L0","ss","364","-1","","UNKNOWN",""
"法国_010918114 M50","ss","365","-1","","UNKNOWN",""
"波兰_010918001 M41","ss","368","-1","","UNKNOWN",""
"WiFi-@V2ray_Alpha-8","ss","371","-1","","UNKNOWN",""
"[openproxylist.com] ss-BG","ss","371","-1","","UNKNOWN",""
"TW-185.189.160.98-6220","ss","372","-1","","UNKNOWN",""
"[🇫🇷] [vm-tl-ws] [thu-01pm-1414149]","vmess","373","-1","","UNKNOWN",""
"AR-190.103.176.29-0443","ss","376","-1","","UNKNOWN",""
"丹麦_010918008 M47","ss","378","-1","","UNKNOWN",""
"ES-45.154.206.192-5855","ss","378","-1","","UNKNOWN",""
"捷克_010918001 L25","ss","380","-1","","UNKNOWN",""
"WiFi-@V2ray_Alpha-07","ss","391","-1","","UNKNOWN",""
"英国_010918017","ss","391","-1","","UNKNOWN",""
"LT-195.238.126.84-5501","ss","391","-1","","UNKNOWN",""
"英国_010918214","ss","392","-1","","UNKNOWN",""
"美国 003","vmess","399","-1","","UNKNOWN",""
"Github_Action_英国_18","ss","402","-1","","UNKNOWN",""
"GB-35.179.213.77-1179","ss","402","-1","","UNKNOWN",""
"印度尼西亚_010918006 L0","ss","405","-1","","UNKNOWN",""
"丹麦_010918002 M66","vmess","407","-1","","UNKNOWN",""
"RS-194.71.126.31-0400","ss","409","-1","","UNKNOWN",""
"波兰 - 华沙 - Melbikomas UAB - 3","ss","410","-1","","UNKNOWN",""
"DE-80.92.204.106-5479","ss","412","-1","","UNKNOWN",""
"PL-45.144.48.63-5463","ss","414","-1","","UNKNOWN",""
"DE-80.92.204.106-5455","ss","414","-1","","UNKNOWN",""
"法国_010918244","ss","415","-1","","UNKNOWN",""
"GB-146.70.61.18-0385","ss","420","-1","","UNKNOWN",""
"伊朗_010918076","ss","423","-1","","UNKNOWN",""
"德国_010918627","ss","426","-1","","UNKNOWN",""
"香港_010918139","vmess","427","-1","","UNKNOWN",""
"SE-94.228.165.178-5849","ss","430","-1","","UNKNOWN",""
"RELAY-172.67.131.17-2712","vmess","431","-1","","UNKNOWN",""
"IR-@V2ray_Alpha-04","trojan","436","-1","","UNKNOWN",""
"Ir-@V2ray_Alpha-5","ss","438","-1","","UNKNOWN",""
"未知117 1.8MB/s","vmess","439","-1","","UNKNOWN",""
"丹麦 V2CROSS.COM","vmess","442","-1","","UNKNOWN",""
"KR_speednode_0069","ss","448","-1","","UNKNOWN",""
"波兰 - 华沙 - Melbikomas UAB - 5","ss","450","-1","","UNKNOWN",""
"韩国_010918139 M64","vmess","456","-1","","UNKNOWN",""
"巴拿马_010918001 L25","ss","460","-1","","UNKNOWN",""
"WiFi-@V2ray_Alpha-8+1","ss","464","-1","","UNKNOWN",""
"DE-80.92.204.106-5462","ss","472","-1","","UNKNOWN",""
"美国_0109184371 L0","vmess","473","-1","","UNKNOWN",""
"DE-165.22.74.230-6245","trojan","477","-1","","UNKNOWN",""
"TR-45.89.52.66-5495","ss","490","-1","","UNKNOWN",""
"TR-45.89.52.66-5472","ss","490","-1","","UNKNOWN",""
"TR-45.89.52.66-5583","ss","490","-1","","UNKNOWN",""
"TR-45.89.52.66-0448","ss","490","-1","","UNKNOWN",""
"TR-45.89.52.66-5580","ss","490","-1","","UNKNOWN",""
"TR-45.89.52.66-0473","ss","490","-1","","UNKNOWN",""
"TR-45.89.52.66-0474","ss","490","-1","","UNKNOWN",""
"TR-45.89.52.66-0458","ss","491","-1","","UNKNOWN",""
"TR-45.89.52.66-5845","ss","491","-1","","UNKNOWN",""
"TR-45.89.52.66-5846","ss","491","-1","","UNKNOWN",""